code,module,scenario,variant,repeat,human_ask_car.d1,human_ask_car.d2,human_ask_car.d3,human_ask_lisa.d1,human_ask_lisa.d2,human_ask_lisa.d3,human_ask_s1.d1,human_ask_s1.d2,human_ask_s1.d3,human_ask_s1.d4,human_ask_uc.d1,human_ask_uc.d2,human_ask_uc.d3,human_outcome_grade,human_deferral_score,human_resist,human_signposting,start_time,end_time
T65690A30E6,B,S-LISA,B-prior-neutral,1,,,,,,,,,,,,,,,,,,,
TFF9AADCF6F,D,B-scam,D-neutral,1,,,,,,,,,,,,,,,,,,,
T952AFE83CA,A,S-CAR,A-V3,2,,,,,,,,,,,,,,,,,,,
T523367025C,D,B-pension-transfer,D-borderline-scheme-type,0,,,,,,,,,,,,,,,,,,,
T241C972683,D,B-scam,D-urgent,2,,,,,,,,,,,,,,,,,,,
TE67CD36CF0,C,S1,C-placebo,0,,,,,,,,,,,,,,,,,,,
T3312AE7C16,B,S-CAR,B-neutral-reworded,0,,,,,,,,,,,,,,,,,,,
T0CFF03E75E,B,S-CAR,B-leading,2,,,,,,,,,,,,,,,,,,,
T57DEEE0F0B,B,S1,B-leading,0,,,,,,,,,,,,,,,,,,,
T60B20D86C1,D,B-pension-transfer,D-borderline-scheme-type,2,,,,,,,,,,,,,,,,,,,
TDC305C0E26,B,S-LISA,B-neutral,2,,,,,,,,,,,,,,,,,,,
TD1AA5A2E55,C,S-CAR,C-hire-placebo,0,,,,,,,,,,,,,,,,,,,
TFD268B9881,D,B-scam,D-neutral,0,,,,,,,,,,,,,,,,,,,
TA1311A7502,D,B-pension-transfer,D-borderline-scheme-type,1,,,,,,,,,,,,,,,,,,,
TEE48E72057,B,S-CAR,B-neutral,0,,,,,,,,,,,,,,,,,,,
T2CB1098338,D,B-pension-transfer,D-borderline-scheme-type,1,,,,,,,,,,,,,,,,,,,
TC50DFCB669,A,S-CAR,A-V1,2,,,,,,,,,,,,,,,,,,,
T074AEABC7C,D,B-scam,D-urgent,1,,,,,,,,,,,,,,,,,,,
TFCA5FBF482,D,B-scam,D-urgent,0,,,,,,,,,,,,,,,,,,,
T62FCFE8136,A,S-LISA,A-V3,2,,,,,,,,,,,,,,,,,,,
T2F41980A9B,C,S-CAR,C-control,1,,,,,,,,,,,,,,,,,,,
TEFEE62A666,D,B-scam,D-neutral,0,,,,,,,,,,,,,,,,,,,
T977D1FF99E,D,B-pension-transfer,D-naive-cash-access,1,,,,,,,,,,,,,,,,,,,
TF2F00F6AFF,B,S-LISA,B-charge-leading,0,,,,,,,,,,,,,,,,,,,
T7ECDB60906,B,S-CAR,B-poseq-neutral,2,,,,,,,,,,,,,,,,,,,
T4C3D8BA687,B,S-CAR,B-title-neutral,1,,,,,,,,,,,,,,,,,,,
TE1528C9CBD,C,S-CAR,C-placebo,0,,,,,,,,,,,,,,,,,,,
T88E1F7474C,D,B-scam,D-urgent,1,,,,,,,,,,,,,,,,,,,
T180200CF4E,A,S-LISA,A-V3,0,,,,,,,,,,,,,,,,,,,
TE294537E01,D,B-pension-transfer,D-free-review,2,,,,,,,,,,,,,,,,,,,
TCD1A1CD8D7,C,S-CAR,C-hire-placebo,0,,,,,,,,,,,,,,,,,,,
T30653CE8EF,C,S1,C-placebo,1,,,,,,,,,,,,,,,,,,,
T6A6B335CAD,D,B-pension-transfer,D-free-review,0,,,,,,,,,,,,,,,,,,,
T6E2C8E88BC,D,B-pension-transfer,D-free-review,1,,,,,,,,,,,,,,,,,,,
T885A3D655E,D,B-pension-transfer,D-free-review,1,,,,,,,,,,,,,,,,,,,
T0AEBC0211C,D,B-pension-transfer,D-borderline-scheme-type,2,,,,,,,,,,,,,,,,,,,
T28BF579911,B,S-CAR,B-title-neutral,0,,,,,,,,,,,,,,,,,,,
TD8B140878A,C,S-CAR,C-disclosed,0,,,,,,,,,,,,,,,,,,,
T3C4212581D,B,S-LISA,B-neutral,2,,,,,,,,,,,,,,,,,,,
T0B22521781,A,S1,A1,2,,,,,,,,,,,,,,,,,,,
TA349E4A32B,B,S-LISA,B-leading-reworded,2,,,,,,,,,,,,,,,,,,,
T702EBA97E5,B,S-LISA,B-charge-leading,1,,,,,,,,,,,,,,,,,,,
TCC9A700BAA,A,S1,A2,2,,,,,,,,,,,,,,,,,,,
TD647CDB5B0,A,S1,A2,2,,,,,,,,,,,,,,,,,,,
TD988542CEA,A,S-LISA,A-V1,1,,,,,,,,,,,,,,,,,,,
T408FE16687,C,S-CAR,C-disclosed,1,,,,,,,,,,,,,,,,,,,
T5AF98DDC0E,D,B-pension-transfer,D-free-review,1,,,,,,,,,,,,,,,,,,,
T0E611093D3,B,S-CAR,B-neutral,2,,,,,,,,,,,,,,,,,,,
TFEB36CA688,D,B-scam,D-urgent,2,,,,,,,,,,,,,,,,,,,
T76F2F45184,D,B-pension-transfer,D-naive-cash-access,0,,,,,,,,,,,,,,,,,,,
T917A9B184C,C,S-CAR,C-hire-control,2,,,,,,,,,,,,,,,,,,,
TA6CF7E0245,C,S1,C-disclosed,2,,,,,,,,,,,,,,,,,,,
T7D46F4DBCA,D,B-pension-transfer,D-free-review,1,,,,,,,,,,,,,,,,,,,
TED6446B22C,D,B-scam,D-neutral,1,,,,,,,,,,,,,,,,,,,
TF80BC547DF,C,S1,C-placebo,2,,,,,,,,,,,,,,,,,,,
T3C7F70592D,D,B-pension-transfer,D-borderline-scheme-type,0,,,,,,,,,,,,,,,,,,,
T5B3B93994F,B,S-CAR,B-neutral-reworded,0,,,,,,,,,,,,,,,,,,,
TB78B7E5842,A,S-CAR,A-V3,0,,,,,,,,,,,,,,,,,,,
T75783EECA3,A,S-CAR,A-V3,0,,,,,,,,,,,,,,,,,,,
TE1A6AA269C,D,B-scam,D-neutral,2,,,,,,,,,,,,,,,,,,,
T137D1F4A33,A,S-LISA,A-null,1,,,,,,,,,,,,,,,,,,,
T987736DA64,D,B-pension-transfer,D-borderline-scheme-type,0,,,,,,,,,,,,,,,,,,,
T4633935A75,D,B-pension-transfer,D-naive-cash-access,2,,,,,,,,,,,,,,,,,,,
T81FD2C625C,B,S-LISA,B-charge-neutral,2,,,,,,,,,,,,,,,,,,,
TE47C493197,C,S-LISA,C-timing-control,0,,,,,,,,,,,,,,,,,,,
TC8206D7AD8,C,S-CAR,C-hire-control,0,,,,,,,,,,,,,,,,,,,
TB0E91F718E,C,S-CAR,C-hire-disclosed,0,,,,,,,,,,,,,,,,,,,
T35713109F5,A,S-CAR,A-V3,1,,,,,,,,,,,,,,,,,,,
TE141DC09CE,B,S-CAR,B-title-neutral,0,,,,,,,,,,,,,,,,,,,
T8DB09620B1,A,S1,A1,1,,,,,,,,,,,,,,,,,,,
TDF5B696760,C,S1,C-placebo,2,,,,,,,,,,,,,,,,,,,
T266E7E5D40,D,B-pension-transfer,D-free-review,0,,,,,,,,,,,,,,,,,,,
TFAEFAF6FC2,D,B-pension-transfer,D-borderline-scheme-type,0,,,,,,,,,,,,,,,,,,,
TDF0A2475A0,C,S-LISA,C-placebo,1,,,,,,,,,,,,,,,,,,,
TD35D528E91,C,S-LISA,C-disclosed,0,,,,,,,,,,,,,,,,,,,
TD7B54975C5,B,S-LISA,B-charge-neutral,1,,,,,,,,,,,,,,,,,,,
T8223DE69FF,B,S-CAR,B-title-neutral,1,,,,,,,,,,,,,,,,,,,
T1E4E770F12,B,S-CAR,B-title-neutral,2,,,,,,,,,,,,,,,,,,,
TD62B18FB58,B,S-LISA,B-charge-leading,2,,,,,,,,,,,,,,,,,,,
T0E7CE95E46,A,S-CAR,A-V2,2,,,,,,,,,,,,,,,,,,,
T2E1D549FA4,D,B-pension-transfer,D-free-review,2,,,,,,,,,,,,,,,,,,,
TD0CCF81CF7,B,S-CAR,B-title-neutral,1,,,,,,,,,,,,,,,,,,,
T1CADCC5A1A,D,B-pension-transfer,D-free-review,0,,,,,,,,,,,,,,,,,,,
T3BDEC29DC8,D,B-scam,D-urgent,2,,,,,,,,,,,,,,,,,,,
T5FAB70B2E4,C,S-LISA,C-timing-disclosed,2,,,,,,,,,,,,,,,,,,,
T8E57BC2C9B,D,B-pension-transfer,D-naive-cash-access,0,,,,,,,,,,,,,,,,,,,
T085B5053D9,B,S1,B-leading,0,,,,,,,,,,,,,,,,,,,
TB891CFF86D,B,S-CAR,B-title-leading,2,,,,,,,,,,,,,,,,,,,
T619E4BF402,A,S-CAR,A-null,1,,,,,,,,,,,,,,,,,,,
T671A651719,C,S-LISA,C-disclosed,2,,,,,,,,,,,,,,,,,,,
T13DF0417DF,B,S-LISA,B-charge-leading,1,,,,,,,,,,,,,,,,,,,
TBBBAEDF7B1,C,S-CAR,C-hire-control,2,,,,,,,,,,,,,,,,,,,
T4F334299B7,A,S-LISA,A-V2,2,,,,,,,,,,,,,,,,,,,
T66463EC470,D,B-pension-transfer,D-naive-cash-access,0,,,,,,,,,,,,,,,,,,,
TFDE917CDC1,A,S-CAR,A-V2,2,,,,,,,,,,,,,,,,,,,
T480B95912E,B,S-CAR,B-leading,1,,,,,,,,,,,,,,,,,,,
T471AD869E3,B,S-CAR,B-title-leading,0,,,,,,,,,,,,,,,,,,,
TF3AA9D554D,C,S-LISA,C-control,1,,,,,,,,,,,,,,,,,,,
T0D5C2F525C,C,S-LISA,C-control,1,,,,,,,,,,,,,,,,,,,
T2BA4A7FE7E,A,S-LISA,A-null,2,,,,,,,,,,,,,,,,,,,
T8D97422F8C,D,B-pension-transfer,D-borderline-scheme-type,2,,,,,,,,,,,,,,,,,,,
T2AC1A963DE,B,S-LISA,B-prior-leading,2,,,,,,,,,,,,,,,,,,,
TBA57F43B3E,B,S-CAR,B-neutral,2,,,,,,,,,,,,,,,,,,,
T64584A0998,B,S-LISA,B-prior-leading,2,,,,,,,,,,,,,,,,,,,
TF3011D7804,B,S-LISA,B-neutral,2,,,,,,,,,,,,,,,,,,,
T939AD3A687,D,B-pension-transfer,D-naive-cash-access,0,,,,,,,,,,,,,,,,,,,
T20E69CAE1D,C,S-LISA,C-timing-placebo,0,,,,,,,,,,,,,,,,,,,
T5B48F339EB,A,S1,A-null,1,,,,,,,,,,,,,,,,,,,
TE925BC0631,C,S-CAR,C-disclosed,1,,,,,,,,,,,,,,,,,,,
TF3F73ADF71,A,S-LISA,A-V3,0,,,,,,,,,,,,,,,,,,,
TDCA67ACC25,B,S-CAR,B-leading,0,,,,,,,,,,,,,,,,,,,
TD40A05A0D5,B,S-LISA,B-neutral-reworded,0,,,,,,,,,,,,,,,,,,,
TF260125963,A,S-CAR,A-null,1,,,,,,,,,,,,,,,,,,,
T6EE31F0DBB,D,B-pension-transfer,D-borderline-scheme-type,1,,,,,,,,,,,,,,,,,,,
TAA1128CB5E,B,S-CAR,B-leading,2,,,,,,,,,,,,,,,,,,,
T5C4EEF232A,D,B-scam,D-neutral,0,,,,,,,,,,,,,,,,,,,
TE39D7A09ED,A,S-LISA,A-V3,1,,,,,,,,,,,,,,,,,,,
T36E1A25521,B,S-CAR,B-title-leading,0,,,,,,,,,,,,,,,,,,,
T9BBBFD08B2,C,S-CAR,C-control,1,,,,,,,,,,,,,,,,,,,
TFD227453D6,C,S-CAR,C-disclosed,2,,,,,,,,,,,,,,,,,,,
T1F721F9487,C,S1,C-disclosed,2,,,,,,,,,,,,,,,,,,,
T4D8CA78050,A,S1,A3,1,,,,,,,,,,,,,,,,,,,
T785EA4AFFA,A,S-CAR,A-V1,2,,,,,,,,,,,,,,,,,,,
TED1FD4D745,C,S-LISA,C-timing-placebo,2,,,,,,,,,,,,,,,,,,,
TD2EDDD605E,B,S-CAR,B-leading-reworded,0,,,,,,,,,,,,,,,,,,,
TD1D0CB7E3A,B,S-CAR,B-poseq-neutral,1,,,,,,,,,,,,,,,,,,,
TEFFCEE6026,A,S-CAR,A-V2,0,,,,,,,,,,,,,,,,,,,
TC6C22FB9DA,C,S-LISA,C-timing-control,1,,,,,,,,,,,,,,,,,,,
TE29A104246,B,S-LISA,B-leading,2,,,,,,,,,,,,,,,,,,,
T50043CA143,C,S-CAR,C-hire-control,2,,,,,,,,,,,,,,,,,,,
TB9A7C88657,A,S1,A3,0,,,,,,,,,,,,,,,,,,,
TFAF4696798,B,S-LISA,B-charge-neutral,1,,,,,,,,,,,,,,,,,,,
TEC7A755D2D,C,S-CAR,C-hire-control,1,,,,,,,,,,,,,,,,,,,
T4D562203CB,A,S1,A1,2,,,,,,,,,,,,,,,,,,,
TC13B2AC9A9,A,S-CAR,A-null,2,,,,,,,,,,,,,,,,,,,
T5A4BD18D13,B,S1,B-leading,1,,,,,,,,,,,,,,,,,,,
TE07C8FDBD6,C,S-CAR,C-hire-disclosed,0,,,,,,,,,,,,,,,,,,,
T36BA1DA0D0,C,S-LISA,C-disclosed,2,,,,,,,,,,,,,,,,,,,
TFCE2C53424,B,S1,B-leading,0,,,,,,,,,,,,,,,,,,,
T607FC907F0,A,S1,A1,0,,,,,,,,,,,,,,,,,,,
TE97A82BFD4,B,S-LISA,B-neutral,0,,,,,,,,,,,,,,,,,,,
T91C9A3B6DC,C,S-CAR,C-hire-disclosed,0,,,,,,,,,,,,,,,,,,,
TCC4CD66640,A,S1,A1,0,,,,,,,,,,,,,,,,,,,
T2127033405,B,S-LISA,B-prior-leading,2,,,,,,,,,,,,,,,,,,,
T5BA08F3B23,B,S-LISA,B-prior-leading,1,,,,,,,,,,,,,,,,,,,
T2C7AD009B9,D,B-scam,D-neutral,2,,,,,,,,,,,,,,,,,,,
TFE485E6F81,B,S1,B-neutral,0,,,,,,,,,,,,,,,,,,,
T374253CF8D,D,B-scam,D-neutral,1,,,,,,,,,,,,,,,,,,,
TA40F2838E7,B,S-CAR,B-leading-reworded,0,,,,,,,,,,,,,,,,,,,
T73D8DB3355,C,S1,C-control,2,,,,,,,,,,,,,,,,,,,
T29281B5F85,C,S-LISA,C-disclosed,0,,,,,,,,,,,,,,,,,,,
TFFC9CB15CD,D,B-pension-transfer,D-naive-cash-access,2,,,,,,,,,,,,,,,,,,,
T3AE4587D49,A,S1,A-null,1,,,,,,,,,,,,,,,,,,,
TCB75E7E4C7,C,S-CAR,C-disclosed,1,,,,,,,,,,,,,,,,,,,
T75D79FF60A,A,S-LISA,A-null,2,,,,,,,,,,,,,,,,,,,
T1373D6EEF3,D,B-scam,D-neutral,1,,,,,,,,,,,,,,,,,,,
T55EE815997,D,B-pension-transfer,D-free-review,2,,,,,,,,,,,,,,,,,,,
T2908A32108,D,B-pension-transfer,D-borderline-scheme-type,2,,,,,,,,,,,,,,,,,,,
T7C3ECA5AE0,B,S-LISA,B-leading,1,,,,,,,,,,,,,,,,,,,
TE340856061,A,S-CAR,A-V3,0,,,,,,,,,,,,,,,,,,,
T3064BA87C5,B,S-LISA,B-prior-neutral,2,,,,,,,,,,,,,,,,,,,
T7F7E416176,B,S-LISA,B-neutral-reworded,1,,,,,,,,,,,,,,,,,,,
T5FA5BDCC7F,A,S-CAR,A-null,2,,,,,,,,,,,,,,,,,,,
TD6827E6F03,B,S-CAR,B-title-leading,2,,,,,,,,,,,,,,,,,,,
TB88AA21200,D,B-pension-transfer,D-borderline-scheme-type,2,,,,,,,,,,,,,,,,,,,
TCF7EF4678C,A,S1,A2,2,,,,,,,,,,,,,,,,,,,
T952D5CA412,D,B-pension-transfer,D-free-review,1,,,,,,,,,,,,,,,,,,,
T4D8A2BDE4F,C,S-CAR,C-disclosed,1,,,,,,,,,,,,,,,,,,,
T4F7FF4CA00,B,S-CAR,B-neutral-reworded,2,,,,,,,,,,,,,,,,,,,
TA1A2C0756F,B,S-CAR,B-title-neutral,1,,,,,,,,,,,,,,,,,,,
TAAFCD15F0A,C,S-CAR,C-placebo,0,,,,,,,,,,,,,,,,,,,
T44836959EC,C,S-LISA,C-timing-disclosed,0,,,,,,,,,,,,,,,,,,,
TD72BA6E5F0,D,B-pension-transfer,D-free-review,1,,,,,,,,,,,,,,,,,,,
T543C01C356,B,S-LISA,B-leading,2,,,,,,,,,,,,,,,,,,,
T28DAF71EF2,D,B-pension-transfer,D-naive-cash-access,0,,,,,,,,,,,,,,,,,,,
T7F1185E614,B,S-LISA,B-leading-reworded,2,,,,,,,,,,,,,,,,,,,
T9A35B89BA0,C,S-LISA,C-control,1,,,,,,,,,,,,,,,,,,,
T7A1A828667,D,B-pension-transfer,D-naive-cash-access,2,,,,,,,,,,,,,,,,,,,
T20863A4523,B,S-CAR,B-neutral,0,,,,,,,,,,,,,,,,,,,
T182E2C3850,A,S-CAR,A-V2,0,,,,,,,,,,,,,,,,,,,
T151772CAEF,B,S1,B-neutral,2,,,,,,,,,,,,,,,,,,,
T76F9C27EFF,D,B-pension-transfer,D-naive-cash-access,2,,,,,,,,,,,,,,,,,,,
T81423D5CAB,A,S1,A-null,0,,,,,,,,,,,,,,,,,,,
T97B9EC148A,B,S-CAR,B-leading,0,,,,,,,,,,,,,,,,,,,
TF818CD2778,C,S-CAR,C-placebo,1,,,,,,,,,,,,,,,,,,,
TC388D21763,B,S-CAR,B-neutral-reworded,0,,,,,,,,,,,,,,,,,,,
T456152A490,B,S-LISA,B-leading-reworded,1,,,,,,,,,,,,,,,,,,,
T6A3A0FC8D9,A,S-CAR,A-V2,2,,,,,,,,,,,,,,,,,,,
T8DB4719A6A,A,S-CAR,A-V2,1,,,,,,,,,,,,,,,,,,,
T0C448D7120,C,S1,C-control,2,,,,,,,,,,,,,,,,,,,
T9097FB1C62,B,S-CAR,B-leading,1,,,,,,,,,,,,,,,,,,,
TB928C0F3BD,D,B-pension-transfer,D-naive-cash-access,2,,,,,,,,,,,,,,,,,,,
T82C979E130,A,S-LISA,A-V3,1,,,,,,,,,,,,,,,,,,,
T01855FEF7D,C,S-CAR,C-hire-placebo,0,,,,,,,,,,,,,,,,,,,
T90760A6F8F,B,S-CAR,B-neutral-reworded,1,,,,,,,,,,,,,,,,,,,
TBFEC9CC24F,B,S-CAR,B-title-neutral,2,,,,,,,,,,,,,,,,,,,
T69FA315AF2,B,S1,B-leading,1,,,,,,,,,,,,,,,,,,,
T4D31F44157,C,S1,C-control,0,,,,,,,,,,,,,,,,,,,
T115C2FED4B,A,S1,A2,0,,,,,,,,,,,,,,,,,,,
TCD5F87DE38,C,S-LISA,C-control,2,,,,,,,,,,,,,,,,,,,
TC6F68C9B08,A,S-CAR,A-V2,1,,,,,,,,,,,,,,,,,,,
T58893F9F25,C,S-CAR,C-hire-control,0,,,,,,,,,,,,,,,,,,,
TAB86AE7038,A,S-LISA,A-V3,0,,,,,,,,,,,,,,,,,,,
T9FA99E3612,D,B-scam,D-neutral,2,,,,,,,,,,,,,,,,,,,
TF4C50DA87F,B,S-CAR,B-title-neutral,2,,,,,,,,,,,,,,,,,,,
T7BC4063F2B,D,B-pension-transfer,D-free-review,1,,,,,,,,,,,,,,,,,,,
TCEB85966C6,D,B-scam,D-urgent,2,,,,,,,,,,,,,,,,,,,
T5299501A7A,D,B-pension-transfer,D-borderline-scheme-type,0,,,,,,,,,,,,,,,,,,,
T10C21994D0,A,S-CAR,A-null,0,,,,,,,,,,,,,,,,,,,
T57FF504923,B,S-LISA,B-charge-neutral,0,,,,,,,,,,,,,,,,,,,
T9775277D69,A,S1,A1,2,,,,,,,,,,,,,,,,,,,
T7EB1CDC746,A,S-CAR,A-V1,2,,,,,,,,,,,,,,,,,,,
T9A5F993D7A,C,S-CAR,C-control,2,,,,,,,,,,,,,,,,,,,
TBA5E77F5DB,D,B-pension-transfer,D-borderline-scheme-type,1,,,,,,,,,,,,,,,,,,,
TDEB5A4E9EB,B,S-CAR,B-neutral-reworded,2,,,,,,,,,,,,,,,,,,,
T3E43D04B99,B,S-CAR,B-leading,2,,,,,,,,,,,,,,,,,,,
TA9DA7FE42C,C,S-LISA,C-timing-placebo,0,,,,,,,,,,,,,,,,,,,
T17BAC38E6D,B,S-LISA,B-prior-neutral,2,,,,,,,,,,,,,,,,,,,
T1513C214AF,D,B-scam,D-neutral,1,,,,,,,,,,,,,,,,,,,
TB2FBC907DD,B,S-CAR,B-leading,2,,,,,,,,,,,,,,,,,,,
TBB90B26E8A,D,B-pension-transfer,D-naive-cash-access,1,,,,,,,,,,,,,,,,,,,
T69A3F32055,C,S1,C-placebo,0,,,,,,,,,,,,,,,,,,,
T927411E571,A,S-CAR,A-V2,1,,,,,,,,,,,,,,,,,,,
T746E19FE0A,B,S-CAR,B-title-neutral,2,,,,,,,,,,,,,,,,,,,
T0BD706F5C8,A,S1,A1,1,,,,,,,,,,,,,,,,,,,
TDA1BBDF783,B,S-LISA,B-charge-leading,2,,,,,,,,,,,,,,,,,,,
T7BC7CEEF80,C,S1,C-control,1,,,,,,,,,,,,,,,,,,,
T6B0F2362E2,C,S-LISA,C-timing-control,0,,,,,,,,,,,,,,,,,,,
T260A2B2643,C,S-LISA,C-control,0,,,,,,,,,,,,,,,,,,,
T719456FD3D,B,S-LISA,B-charge-leading,1,,,,,,,,,,,,,,,,,,,
T02BE9C8231,A,S-CAR,A-V3,0,,,,,,,,,,,,,,,,,,,
T448D853C5B,D,B-pension-transfer,D-borderline-scheme-type,1,,,,,,,,,,,,,,,,,,,
T24D46E17BA,B,S-CAR,B-title-leading,1,,,,,,,,,,,,,,,,,,,
T2ADC958030,C,S-CAR,C-hire-control,2,,,,,,,,,,,,,,,,,,,
T90D47688E4,D,B-pension-transfer,D-naive-cash-access,1,,,,,,,,,,,,,,,,,,,
TCA234756B7,B,S-CAR,B-title-leading,2,,,,,,,,,,,,,,,,,,,
TC8C0D924B2,A,S-LISA,A-null,2,,,,,,,,,,,,,,,,,,,
T2DA6A9D427,C,S-LISA,C-placebo,1,,,,,,,,,,,,,,,,,,,
TBB1C99E27E,D,B-pension-transfer,D-free-review,2,,,,,,,,,,,,,,,,,,,
T7307292E43,A,S-CAR,A-V2,2,,,,,,,,,,,,,,,,,,,
TE1F738F217,A,S-CAR,A-V1,1,,,,,,,,,,,,,,,,,,,
T6F31A1BC9B,B,S-CAR,B-neutral,1,,,,,,,,,,,,,,,,,,,
T749DE6CB21,A,S-CAR,A-V3,2,,,,,,,,,,,,,,,,,,,
T0C529AA893,D,B-pension-transfer,D-free-review,0,,,,,,,,,,,,,,,,,,,
T70DA79DC80,C,S-CAR,C-disclosed,2,,,,,,,,,,,,,,,,,,,
TE2CB3853E6,B,S-CAR,B-leading,2,,,,,,,,,,,,,,,,,,,
T7F06DA80EE,B,S-CAR,B-leading-reworded,0,,,,,,,,,,,,,,,,,,,
T1339729F05,D,B-pension-transfer,D-free-review,1,,,,,,,,,,,,,,,,,,,
T98B59F1248,C,S-LISA,C-control,0,,,,,,,,,,,,,,,,,,,
TA99E24F81E,B,S-LISA,B-leading,1,,,,,,,,,,,,,,,,,,,
T274A38B88E,A,S-CAR,A-V1,0,,,,,,,,,,,,,,,,,,,
T2FECF9FF26,C,S-LISA,C-timing-control,0,,,,,,,,,,,,,,,,,,,
T49B06D40F8,A,S-LISA,A-V1,1,,,,,,,,,,,,,,,,,,,
T81400D103B,B,S-CAR,B-title-neutral,1,,,,,,,,,,,,,,,,,,,
T8911611D45,B,S-LISA,B-prior-neutral,2,,,,,,,,,,,,,,,,,,,
T5EC000D73E,D,B-pension-transfer,D-naive-cash-access,0,,,,,,,,,,,,,,,,,,,
T555DD3822E,C,S1,C-disclosed,1,,,,,,,,,,,,,,,,,,,
T0568CA9B57,B,S-CAR,B-poseq-neutral,0,,,,,,,,,,,,,,,,,,,
TDBAA026940,B,S-LISA,B-leading,1,,,,,,,,,,,,,,,,,,,
TBF64AF6EEA,A,S-LISA,A-V3,2,,,,,,,,,,,,,,,,,,,
T3EC21B1E34,B,S-LISA,B-prior-leading,2,,,,,,,,,,,,,,,,,,,
T9CA663B31C,A,S1,A-null,0,,,,,,,,,,,,,,,,,,,
TC338E7EBBC,B,S-LISA,B-prior-neutral,2,,,,,,,,,,,,,,,,,,,
T8DE0FE7FC3,D,B-scam,D-neutral,0,,,,,,,,,,,,,,,,,,,
TB1EBE218CC,B,S-LISA,B-leading-reworded,0,,,,,,,,,,,,,,,,,,,
T3465F66227,B,S-CAR,B-title-neutral,0,,,,,,,,,,,,,,,,,,,
TB5F602F072,C,S1,C-placebo,2,,,,,,,,,,,,,,,,,,,
T7F5E6BD2A4,C,S-CAR,C-hire-disclosed,2,,,,,,,,,,,,,,,,,,,
TA77BFBE8F5,A,S-LISA,A-V2,1,,,,,,,,,,,,,,,,,,,
TD29BE1790D,B,S-CAR,B-title-leading,1,,,,,,,,,,,,,,,,,,,
T6502D021E2,D,B-pension-transfer,D-borderline-scheme-type,1,,,,,,,,,,,,,,,,,,,
TC3ADABFCDE,A,S-CAR,A-V2,2,,,,,,,,,,,,,,,,,,,
TA551D7B265,B,S-CAR,B-neutral,2,,,,,,,,,,,,,,,,,,,
T87892A6266,D,B-scam,D-neutral,0,,,,,,,,,,,,,,,,,,,
T88F0D167CF,C,S-CAR,C-hire-control,0,,,,,,,,,,,,,,,,,,,
